{
  "aggregateLicenseeClass": {
    "id": 1,
    "description": "Food and Tobacco"
  },
  "grossTotalPrint": 1.0000000000,
  "grossTotalDigital": 1.0000000000,
  "netTotalPrint": 1.0000000000,
  "netTotalDigital": 1.0000000000,
  "grossTotal": 2.0000000000,
  "netTotal": 2.0000000000
}
